{
  "residual_cos_L39": 0.9895407557487488,
  "logit_cos": 0.9872766137123108,
  "argmax_atlas_token": 6820,
  "argmax_bf16_token": 6820,
  "top1_agree": true,
  "topk_jaccard": {
    "1": 1.0,
    "5": 1.0,
    "10": 1.0,
    "50": 0.8867924528301887,
    "200": 0.8348623853211009,
    "1000": 0.8399264029438822
  },
  "kl_bf16_vs_atlas": 0.020466946885892377,
  "kl_atlas_vs_bf16": 0.020438889431768144
}